source,target,before,after,saving_percent,resolution,pages
/assets/mixed-mushroom-mycelia-main.png,/assets/optimized/mixed-mushroom-mycelia-main.png.webp,5436337,1907394,64.91,1600x1600,/
/assets/insight-mycelium-cross-section.png,/assets/optimized/insight-mycelium-cross-section.png.webp,3415592,2545448,25.48,1672x941,/insights/what-is-gmk/
/assets/insights/are-mushrooms-plants/추천3.png,/assets/optimized/insights/are-mushrooms-plants/추천3.png.webp,3325188,2453756,26.21,1672x941,/insights/are-mushrooms-plants/
/assets/insights/are-mushrooms-plants/버섯은식물일까_썸네일.png,/assets/optimized/insights/are-mushrooms-plants/버섯은식물일까_썸네일.png.webp,2674031,1938266,27.52,1672x941,/; /insights/; /insights/are-mushrooms-plants/
/assets/dodoon-macro-20260916.png,/assets/optimized/dodoon-macro-20260916.png.webp,2662411,1848268,30.58,1672x941,/business/brands/
/assets/insights/are-mushrooms-plants/추천1 균사와 균사체.png,/assets/optimized/insights/are-mushrooms-plants/추천1 균사와 균사체.png.webp,2480044,1726890,30.37,1672x941,/insights/are-mushrooms-plants/
/assets/insights/are-mushrooms-plants/추천4 연구소균사체.png,/assets/optimized/insights/are-mushrooms-plants/추천4 연구소균사체.png.webp,2421833,1046308,56.8,1400x800,/insights/are-mushrooms-plants/
/assets/local-agriculture.png,/assets/optimized/local-agriculture.png.webp,2418670,1649414,31.8,1659x948,/company/sustainability/
/assets/dodoon-hero-20260916.png,/assets/optimized/dodoon-hero-20260916.png.webp,2354143,1693912,28.05,1672x941,/business/brands/
/assets/insight-mycelium-hero.png,/assets/optimized/insight-mycelium-hero.png.webp,2342979,1661626,29.08,1672x941,/insights/what-is-gmk/
/assets/insight-gmk-barley.png,/assets/optimized/insight-gmk-barley.png.webp,2341579,1599808,31.68,1983x793,/insights/gmk-material/
/assets/food-label-cover.png,/assets/optimized/food-label-cover.png.webp,2279233,1546266,32.16,1659x948,/; /insights/; /insights/food-label-guide/
/assets/revenue-consumer-products.png,/assets/optimized/revenue-consumer-products.png.webp,2234904,1565616,29.95,1254x1254,/ir/
/assets/insights/are-mushrooms-plants/추천2 버섯의일생 주기4단계.png,/assets/optimized/insights/are-mushrooms-plants/추천2 버섯의일생 주기4단계.png.webp,2156037,1671044,22.49,1672x941,/insights/are-mushrooms-plants/
/assets/food-label-types.png,/assets/optimized/food-label-types.png.webp,2091600,1613208,22.87,1659x948,/insights/food-label-guide/
/assets/revenue-product-collaboration.png,/assets/optimized/revenue-product-collaboration.png.webp,2037464,1425872,30.02,1254x1254,/ir/
/assets/dodoon-mushroom-20260916.png,/assets/optimized/dodoon-mushroom-20260916.png.webp,2017574,1443448,28.46,1672x941,/business/brands/
/assets/dodoon-gmk-official-20260916.png,/assets/optimized/dodoon-gmk-official-20260916.png.webp,2012556,1449498,27.98,2171x724,/business/brands/
/assets/growth-global-partnership.png,/assets/optimized/growth-global-partnership.png.webp,2000334,1422524,28.89,1254x1254,/ir/
/assets/food-label-choice.png,/assets/optimized/food-label-choice.png.webp,1977115,1482636,25.01,1659x948,/insights/food-label-guide/
/assets/gmk-raw-material-pouch.png,/assets/optimized/gmk-raw-material-pouch.png.webp,1947629,1313624,32.55,1254x1254,/business/ingredients/
/assets/quality-document-review.png,/assets/optimized/quality-document-review.png.webp,1943345,1359646,30.04,1254x1254,/business/development/
/assets/insight-mycelium-lab.png,/assets/optimized/insight-mycelium-lab.png.webp,1927134,1406700,27.01,1672x941,/insights/what-is-gmk/
/assets/growth-supply-infrastructure.png,/assets/optimized/growth-supply-infrastructure.png.webp,1922768,1367926,28.86,1254x1254,/ir/
/assets/company-story-nature.png,/assets/optimized/company-story-nature.png.webp,1913275,1374966,28.14,1660x948,/company/
/assets/patents-hero.png,/assets/optimized/patents-hero.png.webp,1909789,1341118,29.78,2206x713,/rnd/patents/
/assets/product-development-support.png,/assets/optimized/product-development-support.png.webp,1905488,1413006,25.85,1660x948,/business/
/assets/insight-gmk-material.png,/assets/optimized/insight-gmk-material.png.webp,1901854,1353674,28.82,1660x948,/insights/; /insights/gmk-material/
/assets/food-label-details.png,/assets/optimized/food-label-details.png.webp,1898227,1426412,24.86,1659x948,/insights/food-label-guide/
/assets/quality-manufacturing-review.png,/assets/optimized/quality-manufacturing-review.png.webp,1890235,1338072,29.21,1254x1254,/business/development/
/assets/patent-kr-10-1652035-private.png,/assets/optimized/patent-kr-10-1652035-private.png.webp,1875906,1307182,30.32,1055x1491,/rnd/patents/
/assets/gmk-extract-material-pouch.png,/assets/optimized/gmk-extract-material-pouch.png.webp,1870441,1265684,32.33,1254x1254,/business/ingredients/
/assets/growth-cognitive-material.png,/assets/optimized/growth-cognitive-material.png.webp,1853634,1309438,29.36,1254x1254,/ir/
/assets/insight-gmk-cultures.png,/assets/optimized/insight-gmk-cultures.png.webp,1834333,1291694,29.58,1755x896,/insights/gmk-material/
/assets/gmk-material-technology-hero.png,/assets/optimized/gmk-material-technology-hero.png.webp,1828802,1257974,31.21,2172x724,/rnd/gmk/
/assets/revenue-material-supply.png,/assets/optimized/revenue-material-supply.png.webp,1827539,1317678,27.9,1254x1254,/ir/
/assets/quality-material-review.png,/assets/optimized/quality-material-review.png.webp,1819613,1310230,27.99,1254x1254,/business/development/
/assets/patent-kr-10-1923408-private.png,/assets/optimized/patent-kr-10-1923408-private.png.webp,1732835,1273802,26.49,1070x1470,/rnd/patents/
/assets/ingredient-supply-hero.png,/assets/optimized/ingredient-supply-hero.png.webp,1675010,1246802,25.56,2172x724,/business/ingredients/
/assets/insight-hyphae-network.png,/assets/optimized/insight-hyphae-network.png.webp,1671845,1221832,26.92,1672x941,/insights/what-is-gmk/
/assets/research-evidence-hero.png,/assets/optimized/research-evidence-hero.png.webp,1643403,1209926,26.38,2206x713,/rnd/evidence/
/assets/gmk-liquid-material-pouch.png,/assets/optimized/gmk-liquid-material-pouch.png.webp,1641333,1084442,33.93,1254x1254,/business/ingredients/
/assets/insights/are-mushrooms-plants/패트리디시에 배양된 버섯균사체.png,/assets/optimized/insights/are-mushrooms-plants/패트리디시에 배양된 버섯균사체.png.webp,1277162,882564,30.9,1024x1024,/insights/are-mushrooms-plants/
/assets/gmk-liquid-material-container.png,/assets/optimized/gmk-liquid-material-container.png.webp,1276411,891112,30.19,1254x1254,/business/ingredients/
/assets/gmk-grain-preparation-display.png,/assets/optimized/gmk-grain-preparation-display.png.webp,1038177,616158,40.65,1138x1138,/rnd/gmk/
/assets/foundation-technology-display.png,/assets/optimized/foundation-technology-display.png.webp,976694,579916,40.62,892x1073,/ir/
/assets/patent-cultivation-technology-display.png,/assets/optimized/patent-cultivation-technology-display.png.webp,949286,536240,43.51,977x1022,/rnd/patents/
/assets/gmk-applications.png,/assets/optimized/gmk-applications.png.webp,949043,690404,27.25,2169x725,/
/assets/research-focus-cell.png,/assets/optimized/research-focus-cell.png.webp,917081,580618,36.69,1254x1254,/rnd/
/assets/research-focus-animal.png,/assets/optimized/research-focus-animal.png.webp,904838,560358,38.07,1254x1254,/rnd/
/assets/process-06-delivery-display.png,/assets/optimized/process-06-delivery-display.png.webp,888022,505970,43.02,1170x1114,/business/development/
/assets/patent-cognitive-research-display.png,/assets/optimized/patent-cognitive-research-display.png.webp,850200,496100,41.65,986x1040,/rnd/patents/
/assets/patent-count-korea.png,/assets/optimized/patent-count-korea.png.webp,846702,563986,33.39,1254x1254,/rnd/patents/
/assets/research-focus-process.png,/assets/optimized/research-focus-process.png.webp,842628,534254,36.6,1254x1254,/rnd/
/assets/foundation-research-evidence-display.png,/assets/optimized/foundation-research-evidence-display.png.webp,834780,466048,44.17,1042x997,/ir/
/assets/process-05-manufacturing-display.png,/assets/optimized/process-05-manufacturing-display.png.webp,800899,465106,41.93,1035x1052,/business/development/
/assets/process-01-planning-display.png,/assets/optimized/process-01-planning-display.png.webp,800334,452266,43.49,1248x1217,/business/development/
/assets/research-focus-human.png,/assets/optimized/research-focus-human.png.webp,798034,516850,35.23,1254x1254,/rnd/
/assets/patent-count-us.png,/assets/optimized/patent-count-us.png.webp,790551,506150,35.98,1272x1237,/rnd/patents/
/assets/foundation-commercialization-display.png,/assets/optimized/foundation-commercialization-display.png.webp,781367,438824,43.84,1248x880,/ir/
/assets/hiroyuki-maruyama.png,/assets/optimized/hiroyuki-maruyama.png.webp,766201,414646,45.88,794x891,/company/
/assets/process-04-quality-review-display.png,/assets/optimized/process-04-quality-review-display.png.webp,744462,410842,44.81,974x996,/business/development/
/assets/technology-grain-medium-design.png,/assets/optimized/technology-grain-medium-design.png.webp,743545,490806,33.99,1254x1254,/rnd/gmk/
/assets/sustainability-grain-culture-display.png,/assets/optimized/sustainability-grain-culture-display.png.webp,742473,454096,38.84,1111x1111,/company/sustainability/
/assets/technology-simultaneous-inoculation.png,/assets/optimized/technology-simultaneous-inoculation.png.webp,714169,462416,35.25,1254x1254,/rnd/gmk/
/assets/patent-material-application-display.png,/assets/optimized/patent-material-application-display.png.webp,702214,388416,44.69,1028x928,/rnd/patents/
/assets/material-display.png,/assets/optimized/material-display.png.webp,701730,414796,40.89,1082x1073,/business/
/assets/manufacturing-partnership-display.png,/assets/optimized/manufacturing-partnership-display.png.webp,694514,406104,41.53,1016x998,/business/
/assets/foundation-intellectual-property-display.png,/assets/optimized/foundation-intellectual-property-display.png.webp,687639,393656,42.75,912x1022,/ir/
/assets/gmk-material-display.png,/assets/optimized/gmk-material-display.png.webp,673486,406814,39.6,974x974,/rnd/gmk/
/assets/process-02-formulation-display.png,/assets/optimized/process-02-formulation-display.png.webp,667073,371332,44.33,964x1017,/business/development/
/assets/technology-mycelium-utilization.png,/assets/optimized/technology-mycelium-utilization.png.webp,646010,416574,35.52,1254x1254,/rnd/gmk/
/assets/delivery-display.png,/assets/optimized/delivery-display.png.webp,642649,382786,40.44,1260x847,/business/
/assets/technology-cultivation-environment-control.png,/assets/optimized/technology-cultivation-environment-control.png.webp,635983,409914,35.55,1254x1254,/rnd/gmk/
/assets/process-03-sensory-test-display.png,/assets/optimized/process-03-sensory-test-display.png.webp,634645,377538,40.51,914x950,/business/development/
/assets/technology-efficient-cultivation.png,/assets/optimized/technology-efficient-cultivation.png.webp,590669,387764,34.35,1254x1254,/rnd/gmk/
/assets/rnd-gmk-technology-display.png,/assets/optimized/rnd-gmk-technology-display.png.webp,586915,358492,38.92,871x871,/rnd/
/assets/rnd-research-evidence-display.png,/assets/optimized/rnd-research-evidence-display.png.webp,583690,347782,40.42,1004x1004,/rnd/
/assets/rnd-quality-production-display.png,/assets/optimized/rnd-quality-production-display.png.webp,570636,334556,41.37,1036x1036,/rnd/
/assets/product-planning-display.png,/assets/optimized/product-planning-display.png.webp,555789,323670,41.76,780x1017,/business/
/assets/gmk-mixed-culture-display.png,/assets/optimized/gmk-mixed-culture-display.png.webp,555208,329086,40.73,1000x1000,/rnd/gmk/
/assets/research-functional-evaluation-display.png,/assets/optimized/research-functional-evaluation-display.png.webp,539071,321120,40.43,956x956,/
/assets/research-human-trial-display.png,/assets/optimized/research-human-trial-display.png.webp,538191,319380,40.66,932x932,/
/assets/sustainability-controlled-culture-display.png,/assets/optimized/sustainability-controlled-culture-display.png.webp,529969,303114,42.81,895x895,/company/sustainability/
/assets/prototype-display.png,/assets/optimized/prototype-display.png.webp,529799,312738,40.97,863x990,/business/
/assets/productization-process-display.png,/assets/optimized/productization-process-display.png.webp,524490,285746,45.52,1265x658,/business/
/assets/execution-global-display.png,/assets/optimized/execution-global-display.png.webp,509594,326046,36.02,1024x1024,/company/
/assets/insights/are-mushrooms-plants/버섯균사체.mp4,/assets/optimized/insights/are-mushrooms-plants/mycelium-web.mp4,81681916,28819694,64.72,1080x1920 → 720x1280,/insights/are-mushrooms-plants/
